<?xml version="1.0" encoding="UTF-8" standalone="yes"?>
<rss xmlns:sparkle="http://www.andymatuschak.org/xml-namespaces/sparkle" xmlns:dc="http://purl.org/dc/elements/1.1/" version="2.0">
  <channel>
    <item>
      <enclosure url="https://github.com/sigtm/sketch-style-libraries/releases/download/v2.0.4/sketch-style-libraries.sketchplugin.zip" sparkle:version="2.0.4"/>
    </item>
    <item>
      <enclosure url="https://github.com/sigtm/sketch-style-libraries/releases/download/v2.0.3/sketch-style-libraries.sketchplugin.zip" sparkle:version="2.0.3"/>
    </item>
    <item>
      <enclosure url="https://github.com/sigtm/sketch-style-libraries/releases/download/v2.0.2/sketch-style-libraries.sketchplugin.zip" sparkle:version="2.0.2"/>
    </item>
    <item>
      <enclosure url="https://github.com/sigtm/sketch-style-libraries/releases/download/v2.0.1/sketch-style-libraries.sketchplugin.zip" sparkle:version="2.0.1"/>
    </item>
    <item>
      <enclosure url="https://github.com/sigtm/sketch-style-libraries/releases/download/v2.0.0/sketch-style-libraries.sketchplugin.zip" sparkle:version="2.0.0"/>
    </item>
    <item>
      <enclosure url="https://github.com/sigtm/sketch-style-libraries/releases/download/v1.0.0/sketch-style-libraries.sketchplugin.zip" sparkle:version="1.0.0"/>
    </item>
    <item>
      <enclosure url="https://github.com/sigtm/sketch-style-libraries/releases/download/v0.4.2/sketch-style-libraries.sketchplugin.zip" sparkle:version="0.4.2"/>
    </item>
    <item>
      <enclosure url="https://github.com/sigtm/sketch-style-libraries/releases/download/v0.4.1/sketch-style-libraries.sketchplugin.zip" sparkle:version="0.4.1"/>
    </item>
    <item>
      <enclosure url="https://github.com/sigtm/sketch-style-libraries/releases/download/v0.4.0/sketch-style-libraries.sketchplugin.zip" sparkle:version="0.4.0"/>
    </item>
    <item>
      <enclosure url="https://github.com/sigtm/sketch-style-libraries/releases/download/v0.3.2/sketch-style-libraries.sketchplugin.zip" sparkle:version="0.3.2"/>
    </item>
    <item>
      <enclosure url="https://github.com/sigtm/sketch-style-libraries/releases/download/v0.3.1/sketch-style-libraries.sketchplugin.zip" sparkle:version="0.3.1"/>
    </item>
    <item>
      <enclosure url="https://github.com/sigtm/sketch-style-libraries/releases/download/v0.3.0/sketch-style-libraries.sketchplugin.zip" sparkle:version="0.3.0"/>
    </item>
    <item>
      <enclosure url="https://github.com/sigtm/sketch-style-libraries/releases/download/v0.2.5/sketch-style-libraries.sketchplugin.zip" sparkle:version="0.2.5"/>
    </item>
  </channel>
</rss>