<?xml version="1.0" encoding="utf-8"?>
<rss version="2.0" xmlns:sparkle="http://www.andymatuschak.org/xml-namespaces/sparkle"  xmlns:dc="http://purl.org/dc/elements/1.1/">
  <channel>
    <title>Sketch Styles Generator</title>
    <link>https://github.com/lucaorio/sketch-styles-generator</link>
    <description>Generate hundreds of Sketch Shared Styles in a matter of seconds.</description>
    <language>en</language>
      <item>
        <title>Sketch Styles Generator 1.3.0</title>
        <description>
          <![CDATA[
            <ul>
              <li>Complete Refactor and Fixes for Sketch 45</li>
            </ul>
          ]]>
        </description>
        <enclosure url="https://github.com/lucaorio/sketch-styles-generator/releases/download/v1.3.0/sketch-styles-generator.zip" sparkle:version="1.3.0" />
      </item>
      <item>
        <title>Sketch Styles Generator 1.3.1</title>
        <description>
          <![CDATA[
            <ul>
              <li>Fix appcast.xml absolute path</li>
              <li>Fix missing icon for Sketch Runner</li>
              <li>Add build plugin to the root of the repo to allow installation via Sketch Runner</li>
              <li>Add skpm builds to .gitignore</li>
              <li>Update readme to reflect the changes</li>
            </ul>
          ]]>
        </description>
        <enclosure url="https://github.com/lucaorio/sketch-styles-generator/releases/download/v1.3.1/sketch-styles-generator.zip" sparkle:version="1.3.1" />
      </item>
      <item>
        <title>Sketch Styles Generator 1.3.2</title>
        <description>
          <![CDATA[
            <ul>
              <li>Updates for Sketch 50</li>
            </ul>
          ]]>
        </description>
        <enclosure url="https://github.com/lucaorio/sketch-styles-generator/releases/download/v1.3.2/sketch-styles-generator.zip" sparkle:version="1.3.2" />
      </item>
      <item>
        <title>Sketch Styles Generator 1.4.0</title>
        <description>
          <![CDATA[
            <ul>
              <li>Updates for Sketch 52.1</li>
            </ul>
          ]]>
        </description>
        <enclosure url="https://github.com/lucaorio/sketch-styles-generator/releases/download/v1.4.0/sketch-styles-generator.zip" sparkle:version="1.4.0" />
      </item>
  </channel>
</rss>
