<?xml version="1.0" encoding="UTF-8" standalone="yes"?>
<rss xmlns:sparkle="http://www.andymatuschak.org/xml-namespaces/sparkle" xmlns:dc="http://purl.org/dc/elements/1.1/" version="2.0">
  <channel>
    <item>
      <enclosure url="https://github.com/AMoreaux/Sketch-Icons/releases/download/v5.0.0/Sketch-Icons.sketchplugin.zip" sparkle:version="5.0.0"/>
    </item>
    <item>
      <enclosure url="https://github.com/AMoreaux/Sketch-Icons/releases/download/v4.0.6/Sketch-Icons.sketchplugin.zip" sparkle:version="4.0.6"/>
    </item>
    <item>
      <enclosure url="https://github.com/AMoreaux/Sketch-Icons/releases/download/v4.0.5/Sketch-Icons.sketchplugin.zip" sparkle:version="4.0.5"/>
    </item>
    <item>
      <enclosure url="https://github.com/AMoreaux/Sketch-Icons/releases/download/v4.0.4/Sketch-Icons.sketchplugin.zip" sparkle:version="4.0.4"/>
    </item>
    <item>
      <enclosure url="https://github.com/AMoreaux/Sketch-Icons/releases/download/v4.0.2/Sketch-Icons.sketchplugin.zip" sparkle:version="4.0.2"/>
    </item>
    <item>
      <enclosure url="https://github.com/AMoreaux/Sketch-Icons/releases/download/v4.0.0/Sketch-Icons.sketchplugin.zip" sparkle:version="4.0.0"/>
    </item>
    <item>
      <enclosure url="https://github.com/AMoreaux/Sketch-Icons/releases/download/v3.0.14/Sketch-Icons.sketchplugin.zip" sparkle:version="3.0.14"/>
    </item>
    <item>
      <enclosure url="https://github.com/AMoreaux/Sketch-Icons/releases/download/v3.0.13/Sketch-Icons.sketchplugin.zip" sparkle:version="3.0.13"/>
    </item>
    <item>
      <enclosure url="https://github.com/AMoreaux/Sketch-Icons/releases/download/v3.0.12/Sketch-Icons.sketchplugin.zip" sparkle:version="3.0.12"/>
    </item>
    <item>
      <enclosure url="https://github.com/AMoreaux/Sketch-Icons/releases/download/v3.0.11/Sketch.Icons.sketchplugin.zip" sparkle:version="3.0.11"/>
    </item>
    <item>
      <enclosure url="https://github.com/AMoreaux/Sketch-Icons/releases/download/v3.0.10/Sketch.Icons.sketchplugin.zip" sparkle:version="3.0.10"/>
    </item>
    <item>
      <enclosure url="https://github.com/AMoreaux/Sketch-Icons/releases/download/v3.0.8/Sketch.Icons.sketchplugin.zip" sparkle:version="3.0.8"/>
    </item>
    <item>
      <enclosure url="https://github.com/AMoreaux/Sketch-Icons/releases/download/v3.0.7/Sketch.Icons.sketchplugin.zip" sparkle:version="3.0.7"/>
    </item>
    <item>
      <enclosure url="https://github.com/AMoreaux/Sketch-Icons/releases/download/v3.0.6/Sketch.Icons.sketchplugin.zip" sparkle:version="3.0.6"/>
    </item>
    <item>
      <enclosure url="https://github.com/AMoreaux/Sketch-Icons/releases/download/v3.0.5/Sketch.Icons.sketchplugin.zip" sparkle:version="3.0.5"/>
    </item>
    <item>
      <enclosure url="https://github.com/AMoreaux/Sketch-Icons/releases/download/v3.0.4/Sketch.Icons.sketchplugin.zip" sparkle:version="3.0.4"/>
    </item>
    <item>
      <enclosure url="https://github.com/AMoreaux/Sketch-Icons/releases/download/v3.0.3/Sketch.Icons.sketchplugin.zip" sparkle:version="3.0.3"/>
    </item>
    <item>
      <enclosure url="https://github.com/AMoreaux/Sketch-Icons/releases/download/v3.0.2/Sketch.Icons.sketchplugin.zip" sparkle:version="3.0.2"/>
    </item>
    <item>
      <enclosure url="https://github.com/AMoreaux/Sketch-Icons/releases/download/v3.0.1/Sketch.Icons.sketchplugin.zip" sparkle:version="3.0.1"/>
    </item>
    <item>
      <enclosure url="https://github.com/AMoreaux/Sketch-Icons/releases/download/v3.0.0/Sketch.Icons.sketchplugin.zip" sparkle:version="3.0.0"/>
    </item>
    <item>
      <enclosure url="https://github.com/AMoreaux/Sketch-Icons/releases/download/v1.0.21/Sketch Icons.sketchplugin.zip" sparkle:version="1.0.21"/>
    </item>
    <item>
      <enclosure url="https://github.com/AMoreaux/Sketch-Icons/releases/download/v1.0.20/Sketch Icons.sketchplugin.zip" sparkle:version="1.0.20"/>
    </item>
    <item>
      <enclosure url="https://github.com/AMoreaux/Sketch-Icons/releases/download/v1.0.19/Sketch Icons.sketchplugin.zip" sparkle:version="1.0.19"/>
    </item>
    <item>
      <enclosure url="https://github.com/AMoreaux/Sketch-Icons/releases/download/v1.0.18/Sketch Icons.sketchplugin.zip" sparkle:version="1.0.18"/>
    </item>
    <item>
      <enclosure url="https://github.com/AMoreaux/Sketch-Icons/releases/download/v1.0.17/Sketch Icons.sketchplugin.zip" sparkle:version="1.0.17"/>
    </item>
    <item>
      <enclosure url="https://github.com/AMoreaux/Sketch-Icons/releases/download/v1.0.16/Sketch Icons.sketchplugin.zip" sparkle:version="1.0.16"/>
    </item>
    <item>
      <enclosure url="https://github.com/AMoreaux/Sketch-Icons/releases/download/v1.0.15/Sketch Icons.sketchplugin.zip" sparkle:version="1.0.15"/>
    </item>
    <item>
      <enclosure url="https://github.com/AMoreaux/Sketch-Icons/releases/download/v1.0.14/Sketch Icons.sketchplugin.zip" sparkle:version="1.0.14"/>
    </item>
    <item>
      <enclosure url="https://github.com/AMoreaux/Sketch-Icons/releases/download/v1.0.13/Sketch Icons.sketchplugin.zip" sparkle:version="1.0.13"/>
    </item>
    <item>
      <enclosure url="https://github.com/AMoreaux/Sketch-Icons/releases/download/v1.0.12/Sketch Icons.sketchplugin.zip" sparkle:version="1.0.12"/>
    </item>
    <item>
      <enclosure url="https://github.com/AMoreaux/Sketch-Icons/releases/download/v1.0.11/Sketch Icons.sketchplugin.zip" sparkle:version="1.0.11"/>
    </item>
    <item>
      <enclosure url="https://github.com/AMoreaux/Sketch-Icons/releases/download/v1.0.10/Sketch Icons.sketchplugin.zip" sparkle:version="1.0.10"/>
    </item>
    <item>
      <enclosure url="https://github.com/AMoreaux/Sketch-Icons/releases/download/v1.0.9/Sketch Icons.sketchplugin.zip" sparkle:version="1.0.9"/>
    </item>
    <item>
      <enclosure url="https://github.com/AMoreaux/Sketch-Icons/releases/download/v1.0.8/Sketch Icons.sketchplugin.zip" sparkle:version="1.0.8"/>
    </item>
    <item>
      <enclosure url="https://github.com/AMoreaux/Sketch-Icons/releases/download/v1.0.7/Sketch Icons.sketchplugin.zip" sparkle:version="1.0.7"/>
    </item>
    <item>
      <enclosure url="https://github.com/AMoreaux/Sketch-Icons/releases/download/v1.0.6/Sketch Icons.sketchplugin.zip" sparkle:version="1.0.6"/>
    </item>
    <item>
      <enclosure url="https://github.com/AMoreaux/Sketch-Icons/releases/download/v1.0.5/Sketch Icons.sketchplugin.zip" sparkle:version="1.0.5"/>
    </item>
    <item>
      <enclosure url="https://github.com/AMoreaux/Sketch-Icons/releases/download/v1.0.4/Sketch Icons.sketchplugin.zip" sparkle:version="1.0.4"/>
    </item>
    <item>
      <enclosure url="https://github.com/AMoreaux/Sketch-Icons/releases/download/v1.0.3/Sketch Icons.sketchplugin.zip" sparkle:version="1.0.3"/>
    </item>
    <item>
      <enclosure url="https://github.com/AMoreaux/Sketch-Icons/releases/download/v1.0.3-0/Sketch Icons.sketchplugin.zip" sparkle:version="1.0.3-0"/>
    </item>
    <item>
      <enclosure url="https://github.com/AMoreaux/Sketch-Icons/releases/download/v1.0.2/Sketch Icons.sketchplugin.zip" sparkle:version="1.0.2"/>
    </item>
  </channel>
</rss>
