<?xml version="1.0" encoding="utf-8"?>
<rss xmlns:sparkle="http://www.andymatuschak.org/xml-namespaces/sparkle" xmlns:dc="http://purl.org/dc/elements/1.1/" version="2.0">
  <channel>
    <title>Find and Replace</title>
    <link>https://raw.githubusercontent.com/thierryc/Sketch-Find-And-Replace/master/appcast.xml</link>
    <description>Finds text in selected layer(s) and all layers contained within - and replaces it with different text. Features partial, case sensitive and full-document matching.</description>
    <language>en</language>
    <item>
      <title>1.25</title>
      <description>
        <![CDATA[
          <ul>
            <li>Add icons</li>
          </ul>
        ]]>
      </description>
      <pubDate>Mon Jun 18 09:59:00 EDT 2018</pubDate>
      <enclosure url="https://github.com/thierryc/Sketch-Find-And-Replace/archive/1.25.zip" type="application/octet-stream" sparkle:version="1.25"/>
    </item>
    <item>
      <title>1.24</title>
      <description>
        <![CDATA[
          <ul>
            <li>Add icons</li>
          </ul>
        ]]>
      </description>
      <pubDate>Sun May 21 09:30:00 EDT 2018</pubDate>
      <enclosure url="https://github.com/thierryc/Sketch-Find-And-Replace/archive/1.24.zip" type="application/octet-stream" sparkle:version="1.24"/>
    </item>
    <item>
      <title>1.23</title>
      <description>
        <![CDATA[
          <ul>
            <li>Add icons</li>
          </ul>
        ]]>
      </description>
      <pubDate>Sun Apr 15 11:30:00 EDT 2018</pubDate>
      <enclosure url="https://github.com/thierryc/Sketch-Find-And-Replace/archive/1.23.zip" type="application/octet-stream" sparkle:version="1.23"/>
    </item>
    <item>
      <title>1.22</title>
      <description>
        <![CDATA[
          <ul>
            <li>Fix Sensitive Case.</li>
          </ul>
        ]]>
      </description>
      <pubDate>Tue Jan 9 11:30:00 EDT 2018</pubDate>
      <enclosure url="https://github.com/thierryc/Sketch-Find-And-Replace/archive/1.22.zip" type="application/octet-stream" sparkle:version="1.22"/>
    </item>
    <item>
      <title>1.21</title>
      <description>
        <![CDATA[
          <ul>
            <li>New Find and replace in Master Symbol (selection mode only) fix.</li>
          </ul>
        ]]>
      </description>
      <pubDate>Tue Jan 9 09:30:00 EDT 2018</pubDate>
      <enclosure url="https://github.com/thierryc/Sketch-Find-And-Replace/archive/1.21.zip" type="application/octet-stream" sparkle:version="1.21"/>
    </item>
    <item>
      <title>1.20</title>
      <description>
        <![CDATA[
          <ul>
            <li>Find and replace in Master Symbol (selection mode only).</li>
          </ul>
        ]]>
      </description>
      <pubDate>Tue Jan 8 11:30:00 EDT 2018</pubDate>
      <enclosure url="https://github.com/thierryc/Sketch-Find-And-Replace/archive/1.20.zip" type="application/octet-stream" sparkle:version="1.20"/>
    </item>
    <item>
      <title>1.19</title>
      <description>
        <![CDATA[
          <ul>
            <li>Improve find and replace when elements are selected.</li>
          </ul>
        ]]>
      </description>
      <pubDate>Tue Dec 12 11:30:00 EDT 2017</pubDate>
      <enclosure url="https://github.com/thierryc/Sketch-Find-And-Replace/archive/1.19.zip" type="application/octet-stream" sparkle:version="1.19"/>
    </item>
    <item>
      <title>1.17</title>
      <description>
        <![CDATA[
          <ul>
            <li>Fix regex ^\s</li>
          </ul>
        ]]>
      </description>
      <pubDate>Wed Nov 28 21:30:00 EDT 2017</pubDate>
      <enclosure url="https://github.com/thierryc/Sketch-Find-And-Replace/archive/1.17.zip" type="application/octet-stream" sparkle:version="1.17"/>
    </item>
    <item>
      <title>1.16</title>
      <description>
        <![CDATA[
          <ul>
            <li>Fix regex for sktech 47</li>
            <li>Save find and replace string</li>
            <li>Typo</li>
          </ul>
        ]]>
      </description>
      <pubDate>Wed Nov 22 21:30:00 EDT 2017</pubDate>
      <enclosure url="https://github.com/thierryc/Sketch-Find-And-Replace/archive/1.16.zip" type="application/octet-stream" sparkle:version="1.16"/>
    </item>
    <item>
      <title>1.15</title>
      <description>
        <![CDATA[
          <ul>
            <li>Fix regex for sktech 47</li>
            <li>Save find and replace string</li>
          </ul>
        ]]>
      </description>
      <pubDate>Wed Nov 22 12:00:00 EDT 2017</pubDate>
      <enclosure url="https://github.com/thierryc/Sketch-Find-And-Replace/archive/1.15.zip" type="application/octet-stream" sparkle:version="1.15"/>
    </item>
    <item>
      <title>1.14</title>
      <description>
        <![CDATA[
          <ul>
            <li>Count symbol overrides</li>
          </ul>
        ]]>
      </description>
      <pubDate>Wed Oct 18 21:00:00 EDT 2017</pubDate>
      <enclosure url="https://github.com/thierryc/Sketch-Find-And-Replace/archive/1.14.zip" type="application/octet-stream" sparkle:version="1.14"/>
    </item>
    <item>
      <title>1.13</title>
      <description>
        <![CDATA[
          <ul>
            <li>Replace Text Preserving Attribute Ranges when is possible</li>
          </ul>
        ]]>
      </description>
      <pubDate>Mon Oct 16 21:38:00 EDT 2017</pubDate>
      <enclosure url="https://github.com/thierryc/Sketch-Find-And-Replace/archive/1.13.zip" type="application/octet-stream" sparkle:version="1.13"/>
    </item>
    <item>
      <title>1.12</title>
      <description>
        <![CDATA[
          <ul>
            <li>Fix bug and add version at the end of the description</li>
          </ul>
        ]]>
      </description>
      <pubDate>Mon Oct 16 07:38:00 EDT 2017</pubDate>
      <enclosure url="https://github.com/thierryc/Sketch-Find-And-Replace/archive/1.12.zip" type="application/octet-stream" sparkle:version="1.12"/>
    </item>
    <item>
      <title>1.11</title>
      <description>
        <![CDATA[
          <ul>
            <li>Fix bug and add version at the end of the description</li>
          </ul>
        ]]>
      </description>
      <pubDate>Tue Jul 17 07:38:00 EDT 2017</pubDate>
      <enclosure url="https://github.com/thierryc/Sketch-Find-And-Replace/archive/1.11.zip" type="application/octet-stream" sparkle:version="1.11"/>
    </item>
    <item>
      <title>1.10</title>
      <description>
        <![CDATA[
          <ul>
            <li>Regex feature for Sketch Find and Replace</li>
          </ul>
        ]]>
      </description>
      <pubDate>Tue Jul 17 07:38:00 EDT 2017</pubDate>
      <enclosure url="https://github.com/thierryc/Sketch-Find-And-Replace/archive/1.10.zip" type="application/octet-stream" sparkle:version="1.10"/>
    </item>
    <item>
      <title>1.9</title>
      <description>
        <![CDATA[
          <ul>
            <li>45.1 Bug fix initDefaults</li>
          </ul>
        ]]>
      </description>
      <pubDate>Tue Jul 17 07:27:00 EDT 2017</pubDate>
      <enclosure url="https://github.com/thierryc/Sketch-Find-And-Replace/archive/1.9.zip" type="application/octet-stream" sparkle:version="1.9"/>
    </item>
    <item>
      <title>1.8</title>
      <description>
        <![CDATA[
          <ul>
            <li>45.1 Bug fix page/whole document Find and Replace</li>
          </ul>
        ]]>
      </description>
      <pubDate>Tue Jul 11 13:27:00 EDT 2017</pubDate>
      <enclosure url="https://github.com/thierryc/Sketch-Find-And-Replace/archive/1.8.zip" type="application/octet-stream" sparkle:version="1.8"/>
    </item>
    <item>
      <title>1.7</title>
      <description>
        <![CDATA[
          <ul>
            <li>Add Custom Icon</li>
          </ul>
        ]]>
      </description>
      <pubDate>Tue Jul  4 18:00:00 EDT 2017</pubDate>
      <enclosure url="https://github.com/thierryc/Sketch-Find-And-Replace/archive/1.7.zip" type="application/octet-stream" sparkle:version="1.7"/>
    </item>
    <item>
      <title>1.6</title>
      <description>
        <![CDATA[
          <ul>
            <li>Added integration with Sketch App's Update System 1.6</li>
          </ul>
        ]]>
      </description>
      <pubDate>Tue Jul  4 18:00:00 EDT 2017</pubDate>
      <enclosure url="https://github.com/thierryc/Sketch-Find-And-Replace/archive/1.6.zip" type="application/octet-stream" sparkle:version="1.6"/>
    </item>
    <item>
      <title>1.5</title>
      <description>
        <![CDATA[
          <ul>
            <li>Added integration with Sketch App's Update System 1.5</li>
          </ul>
        ]]>
      </description>
      <pubDate>Tue Jul  4 17:00:00 EDT 2017</pubDate>
      <enclosure url="https://github.com/thierryc/Sketch-Find-And-Replace/archive/1.5.zip" type="application/octet-stream" sparkle:version="1.5"/>
    </item>
    <item>
      <title>1.3</title>
      <description>
        <![CDATA[
          <ul>
            <li>Added integration with Sketch App's Update System</li>
          </ul>
        ]]>
      </description>
      <pubDate>Tue Jul  4 16:26:42 EDT 2017</pubDate>
      <enclosure url="https://github.com/thierryc/Sketch-Find-And-Replace/archive/v1.3.zip" type="application/octet-stream" sparkle:version="1.3"/>
    </item>
  </channel>
</rss>
